term,estimate,std.error,statistic,p.value,std.error_OLS
(Intercept),-0.214902,0.371252,-0.5789,0.562821,0.405174
Log_Normalized_Value,-5.965903,0.122935,-48.5288,1.6732999999999993e-261,0.144096
LeagueLa Liga,-0.201082,0.354722,-0.5669,0.570932,0.350874
LeagueLigue 1,-1.102658,0.358706,-3.074,0.00217138,0.354413
LeaguePremier League,4.085696,0.353283,11.5649,4.5656699999999995e-29,0.357528
LeagueSerie A,2.787633,0.312569,8.9185,2.3160100000000004e-18,0.352839
Season_Index,0.105919,0.038711,2.7361,0.00633047,0.038137
