term,GVIF,Df,GVIF^(1/(2*Df))
Log_Normalized_Value,1.1786453168311593,1,1.0856543265842766
League,1.172117166719897,4,1.020049807738596
Season_Index,1.0063460869134586,1,1.0031680252646904
