term,GVIF,Df,GVIF^(1/(2*Df))
Log_Normalized_Value,1.1796461286316409,1,1.0861151544065855
League,1.1732801258090961,4,1.020176262841308
Season_Index,1.006172222461372,1,1.0030813638291622
