model_label,response,term,estimate,std.error,statistic,p.value,conf.low,conf.high
H: OLS — Pos ~ FR + FR^2,League_Position,(Intercept),0.41893800413333004,0.3442301748286471,1.2170287056963307,0.22388870035401362,-0.25574074092274435,1.0936167491894044
H: OLS — Pos ~ FR + FR^2,League_Position,Financial_Rank,1.2305115780256732,0.07651233050554275,16.08252643587339,8.827961646564842e-52,1.0805501658615841,1.3804729901897623
H: OLS — Pos ~ FR + FR^2,League_Position,I(Financial_Rank^2),-0.020249725745410896,0.003596116802917717,-5.630997783214727,2.344595280540568e-8,-0.027297985163328944,-0.013201466327492847
