model_label,response,term,estimate,std.error,statistic,p.value,conf.low,conf.high
I: OLS — Pos ~ FR * Season_Index,League_Position,(Intercept),2.187208719608014,0.473120589905195,4.622941309838771,4.293423330291052e-6,1.2599094030494875,3.1145080361665407
I: OLS — Pos ~ FR * Season_Index,League_Position,Financial_Rank,0.7895559832274806,0.04028147442568325,19.60097028434649,2.385234588030704e-72,0.7106057441089701,0.868506222345991
I: OLS — Pos ~ FR * Season_Index,League_Position,Season_Index,-0.04737269111507383,0.07645646812411643,-0.6196034459526807,0.5356641061450358,-0.19722461502347666,0.10247923279332899
I: OLS — Pos ~ FR * Season_Index,League_Position,Financial_Rank:Season_Index,0.004236158035513908,0.006540851811134035,0.64764623291159,0.5173667229613779,-0.008583675942522382,0.017055992013550198
