term,estimate,std.error,t.value,odds_ratio,p.value
Financial_Rank,0.454379,0.018546,24.5002,1.5752,1.4714699999999995e-132
LeagueLa Liga,0.111553,0.202951,0.5497,1.118,0.582554
LeagueLigue 1,0.083345,0.202222,0.4121,1.0869,0.680233
LeaguePremier League,0.138715,0.201493,0.6884,1.1488,0.491179
LeagueSerie A,0.139314,0.198571,0.7016,1.1495,0.482938
1: Champions League (1-4)|2: Europa/Conference (5-6),1.982499,0.196567,10.0856,7.2609,6.3953400000000005e-24
2: Europa/Conference (5-6)|3: Mid-table (7-12),3.106295,0.210099,14.7849,22.3381,1.83378e-49
3: Mid-table (7-12)|4: Lower-table (13-17),5.862093,0.275263,21.2964,351.4591,1.2266199999999998e-100
4: Lower-table (13-17)|5: Relegation zone (18+),8.361181,0.335914,24.8908,4277.7439,9.350389999999996e-137
