term,estimate,std.error,statistic,p.value,conf.low,conf.high
(Intercept),0.47137003441149594,0.48613781277803125,0.9696222388418112,0.33247677811531606,-0.4826341780938279,1.4253742469168198
Financial_Rank,1.2488656467551287,0.10778866038341847,11.586243323859383,3.6554919912463136e-29,1.0373395457952779,1.4603917477149795
PeriodLate (2020-21 to 2024-25),-0.09950874561775674,0.6892024384609234,-0.14438246306843083,0.8852284866931848,-1.4520100575469221,1.2529925663114085
I(Financial_Rank^2),-0.02190955973335175,0.005052092293487575,-4.336729905270016,1.597518554487971e-5,-0.031823862227968625,-0.011995257238734871
Financial_Rank:PeriodLate (2020-21 to 2024-25),-0.03867114509392374,0.15320175241204578,-0.25241973074769575,0.8007701825308633,-0.33931658620677785,0.2619742960189304
PeriodLate (2020-21 to 2024-25):I(Financial_Rank^2),0.003439110926137817,0.007201149396702739,0.47757805548549187,0.6330582570394689,-0.010692533802496709,0.01757075565477234
