term,estimate,std.error,statistic,p.value,conf.low,conf.high
(Intercept),0.4676177698891233,0.4859636274317275,0.9622484965807825,0.33616460159173656,-0.48604338912350764,1.4212789289017542
Financial_Rank,1.2496828739425812,0.1077502971582664,11.597952923573056,3.2285871580241116e-29,1.0382323301745828,1.4611334177105795
PeriodLate (2020-21 to 2024-25),-0.0957564810953619,0.6889790864237515,-0.13898314619736887,0.8894923159972171,-1.4478177404262302,1.2563047782355063
I(Financial_Rank^2),-0.021911539394349373,0.005050625396829077,-4.338381422646401,1.585630294396457e-5,-0.03182295045022171,-0.01200012833847704
Financial_Rank:PeriodLate (2020-21 to 2024-25),-0.039488372281378935,0.15315231161473936,-0.2578372592946131,0.796587198171421,-0.3400364025359583,0.26105965797320047
PeriodLate (2020-21 to 2024-25):I(Financial_Rank^2),0.003441090587135427,0.00719905915414399,0.47799170884081904,0.6327638059505201,-0.01068643400359327,0.017568615177864122
