response,term,estimate,std.error,statistic,p.value,conf.low,conf.high
Points,(Intercept),85.11620410605643,1.0402971778571781,81.8191243019425,0,83.07471965141971,87.15768856069315
Points,Financial_Rank,-5.046573244089418,0.23122835872879807,-21.825061907775844,2.864340584340281e-86,-5.500336947253873,-4.592809540924964
Points,I(Financial_Rank^2),0.12680769153279856,0.010868160165780353,11.667815858296521,1.554431539707295e-29,0.10547995893753749,0.14813542412805963
