model_label,response,term,estimate,std.error,statistic,p.value,conf.low,conf.high
H4: OLS — Pos ~ FR + FR^2 + League + Season,League_Position,(Intercept),0.20232871634381838,0.45845429391615855,0.44132799938573586,0.6590742184015269,-0.6962251882895927,1.1008826209772296
H4: OLS — Pos ~ FR + FR^2 + League + Season,League_Position,Financial_Rank,1.23537637019623,0.07678600701851143,16.08856116060844,8.725916523360086e-52,1.0848785619233077,1.3858741784691522
H4: OLS — Pos ~ FR + FR^2 + League + Season,League_Position,I(Financial_Rank^2),-0.02055143537068725,0.0036133242012696565,-5.68768099011593,1.705432864634224e-8,-0.027633420669642736,-0.013469450071731767
H4: OLS — Pos ~ FR + FR^2 + League + Season,League_Position,LeagueLa Liga,0.30941938032817934,0.33572438882840533,0.9216470135159858,0.35694260602586325,-0.3485883305072163,0.967427091163575
H4: OLS — Pos ~ FR + FR^2 + League + Season,League_Position,LeagueLigue 1,0.2526617454030563,0.336963473266146,0.7498193882976001,0.4535458706390766,-0.40777452630411515,0.9130980171102278
H4: OLS — Pos ~ FR + FR^2 + League + Season,League_Position,LeaguePremier League,0.3114745238652481,0.3357466898454403,0.9277069090647898,0.35379111492773685,-0.3465768961603547,0.9695259438908509
H4: OLS — Pos ~ FR + FR^2 + League + Season,League_Position,LeagueSerie A,0.2957429831309207,0.3361051198800235,0.8799121633032233,0.37912550963851666,-0.36301094685344254,0.9544969131152838
H4: OLS — Pos ~ FR + FR^2 + League + Season,League_Position,Season_Index,-0.005538373747116027,0.03638565988375127,-0.152213090673925,0.8790506209409887,-0.07685295667299236,0.06577620917876031
